{
    "distribution": {
        "artifacts": [
            "dist"
        ],
        "files": {
            "ignore": [],
            "include": [
                "assets/*",
                "README.md"
            ]
        }
    },
    "metadata": {
        "description": "Youwol's gallery.",
        "displayName": null,
        "documentation": null,
        "icon": "/assets/favicon.svg",
        "license": null,
        "readme": "/README.md"
    },
    "name": "@w3nest/gallery",
    "specification": {
        "dependencies": {
            "@w3nest/webpm-client": "^0.1.4",
            "mathjax": "^3.1.4",
            "mkdocs-ts": "^0.3.1",
            "rx-vdom": "^0.1.3",
            "rxjs": "^7.5.6"
        },
        "execution": {
            "openWidth": [],
            "standalone": true
        },
        "exports": [],
        "kind": "webapp",
        "main": {
            "dependencies": [
                "rxjs",
                "rx-vdom",
                "mkdocs-ts",
                "@w3nest/webpm-client",
                "mathjax"
            ],
            "entryPoint": "dist/index.html",
            "stylesheets": []
        }
    },
    "version": "0.1.0-wip"
}