{
    "date": "2025-03-06T09:12:46.176652",
    "files": [
        {
            "contentEncoding": "br",
            "contentType": "text/markdown",
            "hash": "4abdc166560d1105b7ebf0faccd8b108",
            "path": "README.md"
        },
        {
            "contentEncoding": "br",
            "contentType": "text/markdown",
            "hash": "3a6b2483a44febbeb3c966abe5fe3b77",
            "path": "assets/vs-flow.md"
        },
        {
            "contentEncoding": "br",
            "contentType": "text/markdown",
            "hash": "7bd4e3a8e80e5b24e3427d7a19bbd425",
            "path": "assets/index.md"
        },
        {
            "contentEncoding": "br",
            "contentType": "text/markdown",
            "hash": "4f224603d138ee1efb1d316108b6e7e5",
            "path": "assets/vs-flow.bunny.macro-remesh.md"
        },
        {
            "contentEncoding": "br",
            "contentType": "text/markdown",
            "hash": "36dc5b07ee683e7c7e86d0490bb96588",
            "path": "assets/vs-flow.tutorials.md"
        },
        {
            "contentEncoding": "br",
            "contentType": "image/svg+xml",
            "hash": "574502661146c0c340f7fa945ceca7a9",
            "path": "assets/favicon.svg"
        },
        {
            "contentEncoding": "br",
            "contentType": "text/markdown",
            "hash": "ab919e1ea1795423b42774a6d8adffdf",
            "path": "assets/vs-flow.tutorials.macro-ws.md"
        },
        {
            "contentEncoding": "br",
            "contentType": "text/markdown",
            "hash": "4411caed849ef5abf85e4cc411fbbb5f",
            "path": "assets/vs-flow.bunny.modules.md"
        },
        {
            "contentEncoding": "br",
            "contentType": "text/markdown",
            "hash": "f6810d979e43fccd9aad77841d8a89de",
            "path": "assets/sciences.md"
        },
        {
            "contentEncoding": "br",
            "contentType": "text/markdown",
            "hash": "624bfdce36dd1fb80dc997e2cc9858a4",
            "path": "assets/quantum-chem.utils.md"
        },
        {
            "contentEncoding": "br",
            "contentType": "image/svg+xml",
            "hash": "05980dc3dba41b02f59beb3f184402d4",
            "path": "assets/logo.svg"
        },
        {
            "contentEncoding": "br",
            "contentType": "text/markdown",
            "hash": "19435cad01b883d4e96357d0dda99053",
            "path": "assets/vs-flow.tutorials.getting-started.md"
        },
        {
            "contentEncoding": "br",
            "contentType": "text/markdown",
            "hash": "357e6a6bc5fc9306a25e59f9876baee1",
            "path": "assets/vs-flow.bunny.md"
        },
        {
            "contentEncoding": "br",
            "contentType": "text/markdown",
            "hash": "398ae7785e4ff744be5e3b57dd918b0c",
            "path": "assets/quantum-chem.md"
        },
        {
            "contentEncoding": "br",
            "contentType": "text/markdown",
            "hash": "d6184b7a0269c1a47f47128c07dc379c",
            "path": "assets/tdse-1d.md"
        },
        {
            "contentEncoding": "br",
            "contentType": "image/svg+xml",
            "hash": "7e898713cd4506f8e8df2c398112a790",
            "path": "assets/logo-black.svg"
        },
        {
            "contentEncoding": "br",
            "contentType": "text/markdown",
            "hash": "8ad1cdc8c39f2178fc2d730dc0025169",
            "path": "assets/tdse-1d.utils.md"
        },
        {
            "contentEncoding": "br",
            "contentType": "text/markdown",
            "hash": "7ffc8f6f6e09676dbf8db3685f6fa144",
            "path": "assets/vs-flow.bunny.macro-3D.md"
        },
        {
            "contentEncoding": "br",
            "contentType": "application/json",
            "hash": "da9e6039cb780afdc8efc3dd0800ba94",
            "path": "package.json"
        },
        {
            "contentEncoding": "br",
            "contentType": "text/vnd.trolltech.linguist",
            "hash": "5c0c2978b065b7d569caf36bbbb7edfa",
            "path": "dist/webpack.config.d.ts"
        },
        {
            "contentEncoding": "br",
            "contentType": "application/octet-stream",
            "hash": "74ae677ac16af1771ae108b74c5a9343",
            "path": "dist/534.69bcf51d28d5bc3914be.js.map"
        },
        {
            "contentEncoding": "br",
            "contentType": "text/javascript",
            "hash": "799193cf9db6aab0eaefba26279e65f2",
            "path": "dist/534.69bcf51d28d5bc3914be.js"
        },
        {
            "contentEncoding": "br",
            "contentType": "application/octet-stream",
            "hash": "daa6ede337c039d26e6f95b5d2255a1e",
            "path": "dist/style.6d0405395f1734130b4f.css.map"
        },
        {
            "contentEncoding": "br",
            "contentType": "text/html",
            "hash": "5f7c489bdb7c07e0c39b3c156de2392c",
            "path": "dist/bundle-analysis.html"
        },
        {
            "contentEncoding": "br",
            "contentType": "text/vnd.trolltech.linguist",
            "hash": "4a7e55bc703ce13b1374d50918fa3e97",
            "path": "dist/jest.config.d.ts"
        },
        {
            "contentEncoding": "br",
            "contentType": "text/vnd.trolltech.linguist",
            "hash": "7820005e8c44e7b634fb96882d33c0e6",
            "path": "dist/rx-vdom.config.d.ts"
        },
        {
            "contentEncoding": "br",
            "contentType": "application/octet-stream",
            "hash": "8bd7b582539fa148d9559041d2a07f90",
            "path": "dist/main.cedab15a0a01f2c47b7f.js.map"
        },
        {
            "contentEncoding": "br",
            "contentType": "text/html",
            "hash": "a85225ce4d6462b02c32ca8cf339f27f",
            "path": "dist/index.html"
        },
        {
            "contentEncoding": "br",
            "contentType": "text/css",
            "hash": "41ca7423e08e2093c1eeffceab778c65",
            "path": "dist/style.6d0405395f1734130b4f.css"
        },
        {
            "contentEncoding": "br",
            "contentType": "text/javascript",
            "hash": "0c0f8f69fea94f9434f79e98d071db6c",
            "path": "dist/main.cedab15a0a01f2c47b7f.js"
        }
    ],
    "fingerprint": "a153bf9ade010c5d3a26a3f44ecf1db6",
    "w3Version": "0.1.13.dev"
}